username,tweet_id,date,favorites,hashtags,mentions,retweets,replies,text,topical_persons,topical_orgs,persons,orgs,propn,compound,neg,neu,pos
ChiswickMonitor,1234263912448745472,2020-03-01 23:47:02+00:00,4,#coronavirus #zoonotic #W4,,0,6,"I went to the pub this evening, where there was a man at the bar who was telling me that #coronavirus is not a #zoonotic crossover disease as we are led to believe, but is actually a Chinese military experiment gone wrong. I asked him if he was sure, and he said he was. #W4",,,,,coronavirus W4,-0.29600000000000004,0.069,0.882,0.049
Shadooneh,1234263075274022915,2020-03-01 23:43:43+00:00,0,#Coronavirus,,0,0,How Does the #Coronavirus Compare With the Flu? ,,,,,Coronavirus Compare Flu,-0.3818,0.271,0.7290000000000001,0.0
Bparlma,1234253558700236800,2020-03-01 23:05:54+00:00,0,#coronavirus #cnnnewsroom,,0,0,Ermmmm Dr. Sanjay Gupta is sounding very scary now #coronavirus #cnnnewsroom,,,,,Ermmmm Dr. Sanjay Gupta coronavirus,-0.5413,0.259,0.741,0.0
Juan_Guti,1234251375372050435,2020-03-01 22:57:13+00:00,0,#coronavirus,@alberttorresb,0,0," La odisea de @alberttorresb fue un mal menor dentro de la catarata de pésimas noticias que, un día más, ha deparado el #coronavirus... El drama de Italia complica el deporte ",,,,El,La odisea @alberttorresb fue un mal menor dentro de la catarata de pésimas noticias que un día más deparado el # coronavirus El Italia complica el deporte,0.34,0.0,0.924,0.076
RichardWGordon,1234246455004737539,2020-03-01 22:37:40+00:00,1,#coronavirus,@BBCWorld @SamRyderAKF,0,0,Watch live interview on @BBCWorld at 02G Monday #coronavirus Thanks to @SamRyderAKF,,,,,G Monday,0.4404,0.0,0.7909999999999999,0.209
RenelleLondon,1234245976090710018,2020-03-01 22:35:46+00:00,0,#mould #mold #greyandco #trypophobia #rentedroom #roomforrent #coronavirus #spareroom #estateagents #patriciabright,@PattyOLovesU,0,1,Twitter I need your help. Who do I turn to for problems with #mould #mold in a rented room #greyandco #trypophobia #rentedroom #roomforrent #coronavirus #spareroom #estateagents #patriciabright @PattyOLovesU do you have any knowledge of this stuff ? pictures attached,,,,@PattyOLovesU,mould # coronavirus,0.0,0.064,0.873,0.064
Mabbes1408,1234242642294267906,2020-03-01 22:22:31+00:00,0,#coronavirus #DontPanic,,0,0,An important #coronavirus update. Simple advice is inline with the great Douglas Adams’ thinking #DontPanic,,,DontPanic,,Douglas Adams DontPanic,0.7096,0.0,0.688,0.312
Teena35,1234235570626465796,2020-03-01 21:54:25+00:00,0,#coronavirus,,0,0,"I don't want to alarm anyone but the #coronavirus will spread. 1st contamination are notes,don't touch them, with gloves,put them in a sealed envelope and leave them by your front door.Tomorrow I'll come by for collection and elimination, I'm doing this for your health",,,,,# coronavirus,0.0276,0.054000000000000006,0.913,0.034
LBartoszek,1234235200546144257,2020-03-01 21:52:57+00:00,0,#greenfinance #Coronavirus #COVID,,0,0,"Wow. An extraordinary visual to explain the urgent need for investment in renewable clean energy, particularly in manufacturing #greenfinance Space images show drastic drop in China pollution as coronavirus shuts factories https://www.independent.co.uk/news/world/asia/china-coronavirus-nasa-space-satellite-pollution-photo-image-a9366751.html #Coronavirus #COVIDー19",,,Coronavirus,,Space China coronavirus https://www.independent.co.uk world asia china coronavirus nasa Coronavirus COVIDー19,0.8074,0.051,0.6990000000000001,0.251
Speedqueenie,1234223122271948802,2020-03-01 21:04:57+00:00,0,#Coronavirus,@BobMcLellan10,0,0,@BobMcLellan10 https://inews.co.uk/news/health/world-health-organisation-chief-warning-elderly-crowded-places-2005411 #Coronavirus,,,Coronavirus,,https://inews.co.uk/news/health/world-health-organisation-chief-warning-elderly-crowded-places-2005411 Coronavirus,0.0,0.0,1.0,0.0
PaddyCoppinger,1234223047198093319,2020-03-01 21:04:39+00:00,0,#rednecks #coronabeer #coronavirus,,0,0,#rednecks faites attention . Drinking #coronabeer will NOT give you #coronavirus ,,,,,coronavirus,0.0,0.0,1.0,0.0
dr_simon,1234211562681970689,2020-03-01 20:19:01+00:00,2,#COVID19 #coronavirus,@TheShardLondon @AJENews,0,0,Dropping by @TheShardLondon to talk to @AJENews about...you guessed it... #COVID19 #coronavirus – at The Shard,,,coronavirus,,@TheShardLondon @AJENews COVID19 Shard,0.0,0.0,1.0,0.0
KulpaBart,1234210813193445376,2020-03-01 20:16:03+00:00,0,#coronavirus #COVID #coronavirusuk #Coronavirusireland #CoronaVirusUpdates #flu #health #NHS #coronavirususa #CoronaOutbreak #Coronavirustruth #London,,0,0,How Does the Coronavirus Compare With the Flu? https://nyti.ms/39cXbE6 #coronavirus #COVID #coronavirusuk #Coronavirusireland #CoronaVirusUpdates #flu #health #NHS #coronavirususa #CoronaOutbreak #Coronavirustruth #London,,nhs,,,Coronavirus Compare Flu https://nyti.ms/39cXbE6 # Coronavirusireland NHS CoronaOutbreak # Coronavirustruth London,-0.6369,0.215,0.785,0.0
BR6Life,1234204203427540995,2020-03-01 19:49:47+00:00,1,#coronavirus #TRAVELNEWS #abta,@BeckenhamTravel,0,0,"Are you travelling soon? Looking for advice on the #coronavirus, then look no further thanks to @BeckenhamTravel https://www.facebook.com/133185203709195/posts/1057235121304194/ #TRAVELNEWS #abta",,,,,# https://www.facebook.com/133185203709195/posts/1057235121304194/ # TRAVELNEWS abta,-0.5583,0.204,0.7959999999999999,0.0
SayeddMohamed,1234200746641567745,2020-03-01 19:36:02+00:00,0,#CoronaVirus,,0,0,Dr Drew on the #CoronaVirus: “The press needs to shut up. They have no idea how to report on a pandemic. They’re making it worse...” ,,,CoronaVirus,,Dr CoronaVirus,-0.29600000000000004,0.084,0.916,0.0
KoikiMedia,1234183197879099395,2020-03-01 18:26:19+00:00,0,#coronavirus,,2,0,"BREAKING: Italy has reported a 50% surge in new #coronavirus infections, jumping from 1,128 to 1,694 in just one day, according to Italian Civil Protection chief Angelo Borrelli @London, United Kingdom https://www.instagram.com/p/B9M3ZmJnAn9/?igshid=tdxy0uxcws86",,,,,Italy Civil Protection Angelo Borrelli @London United Kingdom https://www.instagram.com/p/B9M3ZmJnAn9/?igshid=tdxy0uxcws86,0.4215,0.0,0.917,0.083
Adveith,1234181182943879168,2020-03-01 18:18:18+00:00,14,#coronavirus,,12,1,"Huge jump in #coronavirus cases in Iran and South Korea as well. First fatalities in America, Australia and Thailand. China’s factory activity hit the lowest level on record, data showed Saturday. ",,,,,Iran South Korea America Australia Thailand China Saturday,-0.4767,0.172,0.7120000000000001,0.116
sitherkt,1234173831054602244,2020-03-01 17:49:05+00:00,1,#reporting #NewCases #coronavirus #NewsPicks #Scaremongering,@SkyNews @ONS,0,1,"Well well. So with the influx of @SkyNews #reporting 35 #NewCases of #coronavirus with other #NewsPicks throughout the globe , information from the UK @ONS website shows over 66Million people in the UK in 2018, and rising. Is this #Scaremongering? Are we really worried? ",,,Scaremongering,,@SkyNews NewsPicks UK UK Scaremongering,0.2656,0.052000000000000005,0.853,0.095
Adveith,1234166602788151301,2020-03-01 17:20:22+00:00,519,#Coronavirus #Italy,,343,37,Huge jump in #Coronavirus cases in #Italy today. Up more than 500 to nearly 1700. Death toll 34.,,,,,Coronavirus Italy,-0.3818,0.17600000000000002,0.721,0.104
michaelchristod,1234157739376594945,2020-03-01 16:45:09+00:00,0,#coronavirus,,0,0,"I’ve been buying small hand sanitizer bottles for years. For the first time, I can’t find any in Savers. #coronavirus ",,,,,Savers coronavirus,0.4939,0.0,0.856,0.14400000000000002
OliGuy,1234155572389347328,2020-03-01 16:36:32+00:00,0,#CoronaVirusUpdates #Coronavirus,,0,1,Are we finding more cases because we are looking for them? (I believe there is a name for this phenomenon?) https://www.bbc.co.uk/news/uk-51697991 #CoronaVirusUpdates #Coronavirus,,,,,https://www.bbc.co.uk news uk-51697991 Coronavirus,0.0,0.0,1.0,0.0
DeliaCazzato,1234148152170733568,2020-03-01 16:07:03+00:00,2,#Coronavirus,,1,2,"Yes Sharon you do everything to stay healthy and some b.... virus could infect you, who the bloody hell eats bats and live mice it’s why this evil #Coronavirus is here ",,,Coronavirus,,Sharon Coronavirus,-0.8537,0.289,0.589,0.122
crippo,1234147003694768129,2020-03-01 16:02:29+00:00,2,#kfc #fingerlickin #Coronavirus,,0,0,Wonder how long the #kfc #fingerlickin TV commercial will run given we’re being advised not to put our fingers in our mouths. #Coronavirus,,,Coronavirus,,Coronavirus,0.0,0.0,1.0,0.0
gerimclean,1234145182972600322,2020-03-01 15:55:15+00:00,1,#Italy #coronavirus,,0,0,It’s really bad in #Italy. Reported cases went from 200 to 447 in a few days with 12 deaths. Company might evacuate all engineers next week. #coronavirus,,,,,Italy coronavirus,-0.5849,0.127,0.873,0.0
jodiepresents,1234137225689997312,2020-03-01 15:23:38+00:00,5,#Coronavirus,,0,2,Been trying not to ‘panic’ about the #Coronavirus BUT as someone who lives in London and gets the already manky tube everyday it’s safe to say I HAVE MY CONCERNS ,,,,,Coronavirus London,0.5927,0.0,0.883,0.117
Timothy_Hughes,1234124945682239488,2020-03-01 14:34:50+00:00,8,#coronavirus #COVID #contentmarketing #storytelling #socialmediamarketing #socialmedia #authenticity #retailuk #retailers #Retail #supplychain,@st3ph3n6 @DLAIgnite,6,0,Covid-19 - It Seems Everyone's An Expert - Here's How https://buff.ly/2Ib10Od by @st3ph3n6 @DLAIgnite #coronavirus #COVIDー19 #contentmarketing #storytelling #socialmediamarketing #socialmedia #authenticity #retailuk #retailers #Retail #supplychain,,,,,Expert https://buff.ly/2Ib10Od # COVIDー19,0.0,0.0,1.0,0.0
DeliaCazzato,1234124562704539658,2020-03-01 14:33:19+00:00,2,#DailySport #CoronaVirus,@JanetEBaldwin,1,1,OMG this is the couple oh of course it was #DailySport that ran the story they stayed 2 days and escaped cuz they were fed up of wearing the protective masks and now they’ve been paid for this story @JanetEBaldwin it seems they are laughing here #CoronaVirus ,,,CoronaVirus,,DailySport @JanetEBaldwin CoronaVirus,0.4939,0.0,0.935,0.065
davi326,1234119241835667456,2020-03-01 14:12:10+00:00,2,#Coronavirus #SouthKorea #homicide #CoronaVirusUpdates #CoronavirusOutbreak #COVID19 #2019nCoV #sect #cult,,0,1,BBC News - #Coronavirus: #SouthKorea sect leader to face #homicide charges over deaths https://www.bbc.co.uk/news/world-asia-51695649 #CoronaVirusUpdates #CoronavirusOutbreak #COVID19 #2019nCoV #sect #cult,,,,,BBC News # Coronavirus SouthKorea https://www.bbc.co.uk asia-51695649 CoronavirusOutbreak,-0.2732,0.1,0.9,0.0
davi326,1234117994936180736,2020-03-01 14:07:13+00:00,2,#Coronavirus #England #PHE #NHS #UK #CoronaVirusUpdates #CoronavirusOutbreak #COVID19 #2019nCoV #publichealth,,2,0,BBC News - #Coronavirus: Twelve more cases confirmed in #England https://www.bbc.co.uk/news/uk-51697991 #PHE #NHS #UK #CoronaVirusUpdates #CoronavirusOutbreak #COVID19 #2019nCoV #publichealth,,nhs,,,BBC News # Coronavirus England NHS UK CoronavirusOutbreak,0.0,0.0,1.0,0.0
chriswright35,1234116797898657795,2020-03-01 14:02:28+00:00,2,#coronavirus,,2,0,BREAKING: Worrying news from Juventus as three U23 players test positive for the #coronavirus.,,,,U23,Juventus U23 #,0.29600000000000004,0.133,0.667,0.2
davi326,1234116671167660035,2020-03-01 14:01:57+00:00,10,#Coronavirus #China #manufacturing #SOE #economy #economicimpact #COVID19 #2019nCoV #SME #trade,@SCMPNews,4,1,#Coronavirus: #China says 90 per cent of state firms back in business after #manufacturing index hits all-time low https://www.scmp.com/economy/china-economy/article/3053073/coronavirus-china-says-90-cent-state-firms-back-business via @scmpnews #SOE #economy #economicimpact #COVID19 #2019nCoV #SME #trade,,,,@scmpnews,# Coronavirus China https://www.scmp.com/economy/china-economy/article/3053073/coronavirus-china-says-90-cent-state-firms-back-business SME,-0.2732,0.07200000000000001,0.928,0.0
davi326,1234115273868873729,2020-03-01 13:56:24+00:00,2,#China #coronavirus #travel #CoronaVirusUpdate #CoronavirusOutbreak #2019nCoV #COVID19 #publichealth #tourism,@SCMPNews,0,0,#China targets travellers at its borders in strategy change to stop #coronavirus spread https://www.scmp.com/news/china/diplomacy/article/3053091/china-targets-travellers-its-borders-strategy-change-stop via @scmpnews #travel #CoronaVirusUpdate #CoronavirusOutbreak #2019nCoV #COVID19 #publichealth #tourism,,,,CoronavirusOutbreak,China # coronavirus CoronavirusOutbreak,-0.29600000000000004,0.091,0.909,0.0
KoikiMedia,1234113732751450112,2020-03-01 13:50:17+00:00,0,#coronavirus,@hancock12_matt,0,1,"The UK is a world leader in preparing for and managing diseases like #coronavirus. Today, @hancock12_matt sets out an enhanced government approach to pandemic preparation. Here's an outline of the measures we're… https://www.instagram.com/p/B9MXz0XHQrQ/?igshid=1gb5ei4wih1cv",,government,,,UK,0.3612,0.0,0.928,0.07200000000000001
DrHasanjamal,1234111602867220485,2020-03-01 13:41:49+00:00,0,#Coronavirus #dental,@TheBDA,0,0,#Coronavirus and #dental practice management: What you need to know by the British Dental Association. https://www.bda.org/news-centre/blog/Pages/Coronavirus-and-practice-management-What-you-need-to-know-.aspx?utm_source=twitter&amp;utm_medium=social&amp;utm_campaign=coronavirus-practice-management @TheBDA,,,,the British Dental Association,Coronavirus # British Dental Association,0.0,0.0,1.0,0.0
davi326,1234111177174798336,2020-03-01 13:40:07+00:00,1,#Coronavirus #tourism #travel #economy #COVID19 #Europe #2019nCoV #CoronavirusOutbreak #publichealth #economicimpact,,0,0,BBC News - #Coronavirus: 'Extremely serious' concerns on potential #tourism impact https://www.bbc.co.uk/news/uk-northern-ireland-51695480 #travel #economy #COVID19 #Europe #2019nCoV #CoronavirusOutbreak #publichealth #economicimpact,,,,,BBC News # Coronavirus https://www.bbc.co.uk news uk Europe CoronavirusOutbreak,-0.1513,0.077,0.923,0.0
davi326,1234110687162621952,2020-03-01 13:38:11+00:00,0,#Coronavirus #UK #COVID19 #CoronavirusOutbreak #2019nCoV #publichealth #NHS,,0,0,BBC News - #Coronavirus: 'Nothing ruled out' in #UK government's #COVID19 battle tactics https://www.bbc.co.uk/news/uk-51693195 #CoronavirusOutbreak #2019nCoV #publichealth #NHS,,nhs,,,BBC News # Coronavirus UK news uk-51693195 CoronavirusOutbreak # NHS,-0.3818,0.133,0.867,0.0
DeliaCazzato,1234107040894738432,2020-03-01 13:23:41+00:00,10,#coronavirus #LadyDelia,@Love_Promise_S @fiftyminus2,2,3,Doh some peeps are so thick seems a couple in Tenerife are annoyed they have white marks from wearing a protective mask it’s better than getting sick #coronavirus can you believe this @Love_Promise_S @fiftyminus2 the sun is bad but the virus is worse #LadyDelia,,,LadyDelia,,Tenerife coronavirus @fiftyminus2 LadyDelia,-0.8126,0.202,0.76,0.038
ilonah,1234099620613173249,2020-03-01 12:54:12+00:00,3,#coronavirus,@Tesco,0,1,"Just went to @Tesco to buy hand sanitisers for work, told they’ve sold out #coronavirus",,,,@Tesco,@Tesco coronavirus,0.4939,0.0,0.8140000000000001,0.18600000000000005
Speedqueenie,1234097519724056576,2020-03-01 12:45:51+00:00,0,#Coronavirus,,0,0,https://trib.al/Pw3bc9w #Coronavirus,,,Coronavirus,,https://trib.al/Pw3bc9w Coronavirus,0.0,0.0,1.0,0.0
jimellis123,1234087390345646086,2020-03-01 12:05:36+00:00,0,#coronavirus,@MattHancock,0,1,"From the DSS: ""The UK is a world leader in preparing for and managing diseases like #coronavirus. Today, @MattHancock sets out an enhanced government approach to pandemic preparation.""",,government,,,UK,0.3612,0.0,0.915,0.085
AnnamarieSpires,1234085589902856193,2020-03-01 11:58:27+00:00,0,#COVID19 #GretaThunberg #CoronavirusChina #Coronavirus #China #Pollution,@GretaThunberg,0,0,Just as I predicted; @GretaThunberg created #COVID19 #GretaThunberg #CoronavirusChina #Coronavirus #China #Pollution,,,,,@GretaThunberg COVID19 # GretaThunberg # CoronavirusChina # Coronavirus # China,0.25,0.0,0.846,0.154
MrAntiMoth,1234085343806316546,2020-03-01 11:57:28+00:00,0,#Coronavirus,,0,1,Astérix et la transitalique (2017) #Coronavirus ,,,Coronavirus,,Astérix et la transitalique Coronavirus,0.0,0.0,1.0,0.0
David_T_Evans,1234078112708792320,2020-03-01 11:28:44+00:00,3,#France #coronavirus #BBC #Trump,@euronews @BBCNews @SixNationsRugby,1,0,"I've downloaded @euronews app. I trust it far more than @BBCNews #France has cases of #coronavirus is 20 miles from @SixNationsRugby is effected by Yet yesterday, on #BBC news, they waited for #Trump to make a live speech about CV in BBC makes 51st State",,,,,@euronews @BBCNews # France # coronavirus BBC Trump CV BBC,0.5106,0.0,0.93,0.07
Lnalshatti,1234071620806946817,2020-03-01 11:02:56+00:00,0,#coronavirus,,0,1,honeymoon plan b. #coronavirus ,,,honeymoon plan b. #,,honeymoon plan b. # coronavirus,0.0,0.0,1.0,0.0
mahdi,1234071141259632640,2020-03-01 11:01:02+00:00,7,#coronavirus,,0,0,"Bill Gates has warned of the ""very, very dramatic"" potential impact of the #coronavirus on the African continent. He said African health systems may be overwhelmed, and believes that the virus is more concerning than Ebola. ",,,,,Bill Gates Ebola,-0.2263,0.056,0.912,0.032
ShuboHussain,1234060813381591040,2020-03-01 10:20:00+00:00,4,#NHS #CoronaVirus,@NHSuk @NHSEnglandLDN,0,0,"NHS practitioners again going beyond their means, to tackle the Corona Virus crisis. Nurses on low wages, deserve much more. @NHSuk @NHSEnglandLDN #NHS #CoronaVirus",,nhs,,,NHS Corona @NHSuk NHS CoronaVirus,-0.7351,0.22,0.78,0.0
David_T_Evans,1234060038874050560,2020-03-01 10:16:55+00:00,0,#Tory #UK #Tories #EU #health #SocialCarers #coronavirus,,0,0,"Look at perpetual rhetoric, from #Tory Govt, for a decade: ""#UK population is getting older"" (which, in their speak, means ""higher burden"") Now that #Tories have got rid of thousands of #EU #health &amp; #SocialCarers, older generations are stigmatised as a ""burden"" #coronavirus ",,,SocialCarers,,Tory Govt UK EU # SocialCarers coronavirus,-0.7003,0.124,0.8759999999999999,0.0
WayneApps1,1234058354202468352,2020-03-01 10:10:13+00:00,1,#coronavirus,,0,0,"That buff wont protect you from #coronavirus . Good luck, go and smash it ",,,,,,0.5742,0.114,0.5760000000000001,0.309
PierreCol,1234052763539197953,2020-03-01 09:48:01+00:00,2,#coronavirus #COVID19 #COVID19f,@britishmuseum,2,1,Étals de gâteaux exposés aux postillons de tous : le British Museum @britishmuseum snobe le coronavirus ! #coronavirus #COVID19 #COVID19f – at British Museum,,,,British Museum,Étals de gâteaux aux le British Museum @britishmuseum snobe le coronavirus COVID19 British Museum,0.0,0.0,1.0,0.0
NickDMUFI,1234049994438725632,2020-03-01 09:37:00+00:00,3,#coronavirus #ufiupdate,@UFILive,3,0,Command Control in Munich cancelled. #coronavirus @UFILive #ufiupdate,,,coronavirus,,Control Munich coronavirus @UFILive #,-0.25,0.222,0.778,0.0
NickDMUFI,1234049667585003520,2020-03-01 09:35:42+00:00,2,#France #coronavirus #ufiupdate,@UFILive,4,0,"#France bans large public gatherings to slow #coronavirus spread. MIPIM postponed till June, Paris Book Fair cancelled @UFILive #ufiupdate",,,,,# France coronavirus MIPIM June Paris Book Fair @UFILive #,-0.128,0.172,0.7240000000000001,0.104
FlorianJuergens,1234038478394077185,2020-03-01 08:51:15+00:00,5,#Coronavirus #pension,,3,0,#Coronavirus and the perils of a privatized #pension system,,,,,Coronavirus,0.0,0.0,1.0,0.0
jackbremer,1234032810966560768,2020-03-01 08:28:44+00:00,0,#Coronavirus #COVID19,@kevinrose @DrWeil,0,0,Great discussion between @kevinrose and @DrWeil on how to prevent #Coronavirus #COVID19,,,,,@DrWeil Coronavirus,0.6369,0.0,0.6579999999999999,0.342
eggsinasquare,1234026333497327616,2020-03-01 08:02:59+00:00,2,#coronavirus #Coronavid19,,1,0,Wash your hands folks #coronavirus #Coronavid19,,,,,Coronavid19,0.0,0.0,1.0,0.0
granty3333,1234013506690830338,2020-03-01 07:12:01+00:00,0,#coronavirus,,0,0,"So in France they ban gatherings of 5K plus people , The Swiss banned gatherings of 1k+ people ... If #coronavirus blows up here don’t be surprised ! ",,,,,France Swiss,-0.7177,0.204,0.74,0.056
latikambourke,1234010354730094592,2020-03-01 06:59:30+00:00,6,#coronavirus #coronavirusmilano,,0,3,American Airlines cancels all flights to Milan until Anzac Day. #coronavirus #coronavirusmilano,,,,,American Airlines Milan Anzac Day coronavirus #,-0.2263,0.147,0.853,0.0
Angie_RejoinEU,1233965248807305216,2020-03-01 04:00:15+00:00,10,#DWP #Benefits #Sanctions #Coronavirus #HostileEnvironment #JustSaying,@BorisJohnson @Conservatives,4,1,#DWP #Benefits #Sanctions #Coronavirus @BorisJohnson @Conservatives You may not give a monkeys about these people - but forcing them to mix with others - even with the 'flu' - purely to keep the #HostileEnvironment pressure on might not end well for your government? #JustSaying,,government,HostileEnvironment,,DWP Sanctions # Coronavirus @Conservatives HostileEnvironment JustSaying,-0.7664,0.168,0.7959999999999999,0.036000000000000004
Angie_RejoinEU,1233963029378863104,2020-03-01 03:51:26+00:00,16,#DWP #Sanctions #Coronavirus,@BorisJohnson @Number10press,18,2,#DWP #Sanctions @BorisJohnson @Number10press How will government deal with unemployment benefits and #Coronavirus? Is there a strategy in place or will anyone not signing on just be 'sanctioned'? ,,government,Coronavirus,,DWP # @BorisJohnson @Number10press Coronavirus,-0.168,0.102,0.816,0.08199999999999999
PierreCol,1233932854264025093,2020-03-01 01:51:32+00:00,2,#COVID19 #CoronaVirus #COVID2019,,2,2,Je rappelle que LA GRIPPE ORDINAIRE NE TUE PAS UN VIEUX SUR 7 COMME LE CORONAVIRUS ! #COVID19 #CoronaVirus #COVID2019,,,,,Je rappelle que LA GRIPPE ORDINAIRE NE PAS UN VIEUX SUR LE CORONAVIRUS CoronaVirus,0.0,0.0,1.0,0.0
PierreCol,1233932317653159936,2020-03-01 01:49:24+00:00,1,#CoronaVirus #COVID2019 #COVID19,,1,1,"Dans le cas le moins pire. Sinon on peut atteindre 5%, voire 10%. Plus de problème de chômage ni de retraites, et même une baisse des émissions de carbone. Merci #CoronaVirus #COVID2019 #COVID19 ! ",,,,Merci #CoronaVirus,le cas le Sinon de problème de chômage ni de retraites et une baisse des émissions Merci CoronaVirus,0.0,0.0,1.0,0.0
PierreCol,1233927502223024135,2020-03-01 01:30:16+00:00,23,#COVID19france #COVID19 #CoronaVirus,,17,7,On est au stade 2 de l'épidémie. Vu l'état de notre système de santé je doute qu'on évite le stade 3... #COVID19france #COVID19 #CoronaVirus ,,,CoronaVirus,,est au de l'épidémie Vu l'état de notre système de santé je doute qu'on évite le stade CoronaVirus,0.0,0.0,1.0,0.0
TVPaulD,1234260312737669121,2020-03-01 23:32:44+00:00,1,,,0,0,"They won’t. Because if they do, they won’t be able to blame COVID-19 for the damage their Brexit causes ",,,Brexit,,Brexit,-0.6808,0.248,0.752,0.0
MarkBaxter_,1234247827515150338,2020-03-01 22:43:07+00:00,0,,@updayUK,0,0,Nostradamus prediction: Prophet warned Italy of 'very great plague' - Is it coronavirus? https://f7td5.app.goo.gl/hVhTJ9 Sent via @updayUK,,,,,Nostradamus Prophet Italy coronavirus hVhTJ9,0.5095,0.098,0.698,0.204
MarkBaxter_,1234247207672590337,2020-03-01 22:40:40+00:00,0,,@updayUK,0,0,Coronavirus in the UK: schools having 'deep clean' after confirmed cases https://f7td5.app.goo.gl/RRzjN6 Sent via @updayUK,,,,,Coronavirus UK RRzjN6,0.4019,0.0,0.838,0.162
GaleRob,1234245634678497284,2020-03-01 22:34:25+00:00,1,,,0,0,Agreed in any ‘normal’ work place this would go straight to a tribunal. But as we know this government doesn’t abide by law. Look forward to seeing how the law deals with this. Or will Coronavirus allow them to sweep it under the carpet?,,government,,Coronavirus,Coronavirus,0.5187,0.0,0.885,0.115
YouveGotNoMale,1234243529288962048,2020-03-01 22:26:03+00:00,3,,,0,0,Dubai preparing for the Coronavirus like... ,,,,Coronavirus,Dubai Coronavirus,0.3612,0.0,0.667,0.33299999999999996
ChrisMedlandF1,1234237605706903554,2020-03-01 22:02:30+00:00,146,,,1,5,"Hope you all enjoyed ‘Coronavirus Corner’, it might be back for another appearance at a later date.",,,,,Coronavirus Corner,0.7351,0.0,0.708,0.292
dotsmy,1234235207491956739,2020-03-01 21:52:59+00:00,3,,,0,2,Anyways having a lovely time with my new bedtime tradition: reading up on the latest Coronavirus diagnoses and wondering on which day civilisation will fall ,,,,,Coronavirus,0.5859,0.0,0.863,0.13699999999999998
Olufisii,1234234302575063040,2020-03-01 21:49:23+00:00,1,,,1,0,If na me talk this one now Buharists will be jumping around saying what’s the source of my info. Thank God COVID19 has forced them to expose their incompetence in tackling the menace of malaria. ,,,God COVID19,,God COVID19 malaria,-0.7579,0.248,0.649,0.10300000000000001
travislyndon,1234233782284189706,2020-03-01 21:47:19+00:00,0,,,0,0,Coronavirus doesn't get serious till the Harvester salad bar gets shut down.,,,Harvester,,Coronavirus Harvester,0.0572,0.0,0.9,0.1
girlforegone,1234233556127436802,2020-03-01 21:46:25+00:00,1,,,0,0,"Oh and if you can't be bothered a hint for you is that Coronavirus is academically being called ""COVID-19 pneumonia"" in current studies of the virus... A hint being the word pneumonia. pneumonia caused by influenza viruses... Further re-enforcing that it is a mutated flu virus.",,,,Coronavirus,Coronavirus pneumonia pneumonia,-0.1625,0.054000000000000006,0.9059999999999999,0.04
GeeMcLachlan,1234230275980374017,2020-03-01 21:33:23+00:00,2,#Coronovirius #COVID #Coronavid19,,0,0,"This is an excellent thread on #Coronovirius #COVID #Coronavid19 Sensible advice, well resourced and not panic inducing. READ if you want to know more ",,,,COVID,Coronovirius,0.8317,0.0,0.6709999999999999,0.32899999999999996
Arsalan18012879,1234229617789227011,2020-03-01 21:30:46+00:00,0,,,0,1,Coronavirus pah - we should be scared how fast this is spreading ,,,,Coronavirus,Coronavirus,-0.4404,0.209,0.7909999999999999,0.0
pandsreid,1234229279111753729,2020-03-01 21:29:25+00:00,0,,,0,0,That’s the correct name of the virus. COVID-19 decided by WHO :),,,,,COVID-19,0.4588,0.0,0.7859999999999999,0.214
pandsreid,1234226586246885376,2020-03-01 21:18:43+00:00,0,,,0,1,Covid19,,,,,Covid19,0.0,0.0,1.0,0.0
dr_simon,1234225748736606209,2020-03-01 21:15:23+00:00,5,#covid19,,1,1,"During tonight’s interview, I was asked about whether people who get #covid19 should take antibiotics - no, never!!! – at The Shard",,,,,Shard,0.0,0.0,1.0,0.0
MusicNewsWeb,1234218359136194560,2020-03-01 20:46:02+00:00,1,#AvrilLavigne,@AvrilLavigne,3,0,http://Music-News.com Avril Lavigne postpones Asia shows over coronavirus fears - #AvrilLavigne @AvrilLavigne http://dlvr.it/RR30rK,,,,,http://Music News.com Avril Lavigne Asia coronavirus AvrilLavigne @AvrilLavigne,-0.5994,0.308,0.6920000000000001,0.0
emmanuelsaint,1234216573851832322,2020-03-01 20:38:56+00:00,0,,@GoghSee,0,1,@GoghSee trust you guys to keep calm and carry on ,,,,,@GoghSee,0.6808,0.0,0.588,0.41200000000000003
VlDEOGRLS,1234212513899843585,2020-03-01 20:22:48+00:00,2,,,0,0,i’m so done how is this radio dj i’m listening to keep muting garage tunes to chat about coronavirus,,,,,coronavirus,0.0,0.0,1.0,0.0
tugsandtost,1234211894430486528,2020-03-01 20:20:20+00:00,1,,,0,0,BBC News - Coronavirus: Thirteen more cases confirmed in UK ,,,,,BBC News Coronavirus UK,0.0,0.0,1.0,0.0
TerranceWelch6,1234210876930043907,2020-03-01 20:16:18+00:00,0,,,0,0,"And on that diet, who needs Covid-19 to trim the population.",,,,,,0.0,0.0,1.0,0.0
JeanieThePixie,1234208602132504577,2020-03-01 20:07:15+00:00,0,,,0,1,"I'm sorry, but I don't understand why you've hash tagged Coronavirus Updates in this?",,,,Coronavirus Updates,Coronavirus Updates,-0.0387,0.081,0.919,0.0
dragondroptools,1234208131586183180,2020-03-01 20:05:23+00:00,6,,,0,1,The POPE has coronavirus?,,,,,POPE coronavirus,0.0,0.0,1.0,0.0
GavinGiovannoni,1234207498778947594,2020-03-01 20:02:52+00:00,0,,,0,0,"Coronavirus Live Updates: 2 More Cases Reported in Washington State, and First in Dominican Republic ",,,,,Coronavirus Live Updates Washington State Dominican Republic,0.0,0.0,1.0,0.0
damocrat,1234207150001577984,2020-03-01 20:01:29+00:00,45,,,2,10,"Having a quiet pint in the Coach & Horses, after a bit of shopping in Chinatown. Couple next to me at the bar. Him: “The Black Death killed 1/3 of Europe. Who knows what Coronavirus will do?” What a ray of sunshine... – at Coach &amp; Horses",,,,Coach &amp,Coach Horses Chinatown Black Death Europe Coronavirus Coach Horses,-0.7351,0.151,0.7909999999999999,0.057999999999999996
ivoretienne,1234204868031795201,2020-03-01 19:52:25+00:00,0,,,0,0,"BREAKING NEWS: Three cases of coronavirus confirmed in St. Barthélemy, Saint Martin ",,,Saint Martin,,BREAKING coronavirus St. Barthélemy Saint Martin,0.0,0.0,1.0,0.0
ivoretienne,1234204532017594369,2020-03-01 19:51:05+00:00,0,,,0,0,"BREAKING NEWS: Three cases of coronavirus confirmed in St. Barthélemy, Saint Martin https://www.stlucianewsonline.com/breaking-news-three-cases-of-coronavirus-confirmed-in-st-barthelemy-saint-martin/",,,Saint Martin https://www.stlucianewsonline.com/breaking-news-three-cases-of-coronavirus-confirmed-in-st-barthelemy-saint-martin/,,BREAKING coronavirus St. Barthélemy Saint Martin,0.0,0.0,1.0,0.0
acorbettn,1234202590818295813,2020-03-01 19:43:22+00:00,6,,,0,0,Nice thinking. Sensible approach to reducing seasonal ‘flu in any case as well as coronavirus,,,,,coronavirus,0.5994,0.0,0.726,0.27399999999999997
OrionChuzz,1234201618863796225,2020-03-01 19:39:30+00:00,1,,,0,1,guaranteed there’s an office somewhere in shoreditch doing coronavirus sweepstakes,,,,,coronavirus,0.0,0.0,1.0,0.0
akshay_cabbie,1234201076863324160,2020-03-01 19:37:21+00:00,0,,@ChannelNewsAsia,0,0,What countries have been affected by the Novel coronavirus? How many cases are there in China? Real-time updates on the number of cases worldwide. https://infographics.channelnewsasia.com/covid-19/map.html via @ChannelNewsAsia,,,,@ChannelNewsAsia,China @ChannelNewsAsia,0.3313,0.054000000000000006,0.812,0.134
davesumnersmith,1234199474970468357,2020-03-01 19:30:59+00:00,1,,,0,1,"To prevent the spread of the Coronavirus on American soil, US President Donald Trump has taken the extraordinary step of signing an executive order requiring the closure of all pizzerias across the United States.",,,,,Coronavirus US President Donald Trump United States,0.4404,0.0,0.8909999999999999,0.109
sha_braithwaite,1234199230174109697,2020-03-01 19:30:01+00:00,1,,,0,0,"Awww thank you, today though I only covered the latest on Uk and Italy/Coronavirus, un petit peu about Paris/Louvre. The rest - a lot of reporting out there - was done by AMAZING journos in other CNN bureaus. ",,,,CNN,Awww Uk Italy Coronavirus un petit peu Paris Louvre AMAZING CNN,0.7925,0.0,0.8370000000000001,0.163
carlashi03,1234198523287130112,2020-03-01 19:27:12+00:00,1,,,0,1,Love my Sunday today!!! Thank you Lord Jesus for your provision! I really really pray that your miracle work upon the outbreak of Covid-19 be done. Claiming for your wondrous work to happen in no time! Amen!!!,,,Jesus,,Sunday Lord Jesus,0.9237,0.045,0.657,0.298
RoyalFreeNHS,1234196361865781249,2020-03-01 19:18:37+00:00,96,,@BorisJohnson @10DowningStreet,29,9,We were delighted to welcome the Prime Minister @BorisJohnson to the Royal Free Hospital today to meet some of the staff caring for COVID-19 patients. Thank you @10DowningStreet,,,,,Prime Minister @BorisJohnson Royal Free Hospital,0.9359999999999999,0.0,0.601,0.39899999999999997
theribman,1234195604064161794,2020-03-01 19:15:36+00:00,0,,,1,0,And the Coronavirus IS NOT MAN MADE KIDS !!! ,,,,Coronavirus,Coronavirus MAN MADE,0.0,0.0,1.0,0.0
Paulawelf,1234195344541540352,2020-03-01 19:14:35+00:00,2,,,1,0,And just what’s the plan to deal with Covid-19 Boris? Tell them to call NHS111 who are swamped with calls and no extra staff to deal with the extra workload ? Perhaps Public Health England should be doing more to deal with the mass hysteria caused by lack of information,johnson,,,,Covid-19 Boris NHS111 Public Health England,-0.7757,0.142,0.858,0.0
HistoryChanging,1234194370447990784,2020-03-01 19:10:42+00:00,0,,,0,0,So far the Administration has thought of shutting the Mexican border and cutting taxes to combat the Coronavirus. I wonder who really isn’t understanding the nature of the problem.,,,,Coronavirus,Administration Coronavirus,-0.6808,0.20199999999999999,0.7979999999999999,0.0
LewishamLowdown,1234190777145753605,2020-03-01 18:56:26+00:00,2,,,0,0,More or less recovered ! Am trying to drink loads of water as well- apparently coronavirus doesn’t like a well hydrated oesophagus !,,,,,well- coronavirus,0.7418,0.0,0.733,0.267
Toddpodd,1234190744602251264,2020-03-01 18:56:18+00:00,2,,,0,0,"Yes he did, he said ""Democrats are using the virulent coronavirus as a ""hoax"" to damage him and his administration""",,,,,Democrats,-0.743,0.325,0.578,0.09699999999999999
georgiakate,1234189290923548672,2020-03-01 18:50:31+00:00,3,,,0,1,"I know everyone is adamant that Coronavirus is being hyped by the media... yeah it probably is. But people are allowed to be worried about, especially those at higher risk.",,,,Coronavirus,Coronavirus,-0.5927,0.16,0.7929999999999999,0.047
LAvivson,1234185750087897089,2020-03-01 18:36:27+00:00,4,,,0,1,"""Italy's coronavirus cases spike to nearly 1,700"" ",,,,,Italy,0.0,0.0,1.0,0.0
ClaireWoods1,1234183335418703874,2020-03-01 18:26:51+00:00,0,,,0,0,"CoronaVirus, not good. However, live life &amp; take care but don't get yourselves caught by unnecessary grief &amp; confine yourself to quarters. China is treating people as criminals &amp; dragging them out to isolation. That's dreadful. These diseases/viruses come &amp; go. Live your lives.",,,,,CoronaVirus amp unnecessary grief amp China amp amp,-0.9542,0.315,0.649,0.036000000000000004
LNevilleRolfe,1234182853208027137,2020-03-01 18:24:56+00:00,1,#Raphael #Rome,,0,0,This looks a wonderful #Raphael exhibition in #Rome Nice to think COVID 19 would be behind us before 2 June. ,,,,,Raphael Rome Nice COVID June,0.7579,0.0,0.735,0.265
Sam_Pannick,1234180999204024320,2020-03-01 18:17:34+00:00,2,#COVID19,,1,0,Lessons Learned: what doctors should expect to live through when #COVID19 really hits ,,,,,COVID19,0.0,0.0,1.0,0.0
GoonerKal,1234179187621220354,2020-03-01 18:10:22+00:00,4,,,2,1,"They’ve left their existing & new supporters in the the country with little or no support, suffering in the aftermath of concurrent storms, so I expect them to do nothing about COVID-19",,,,,,0.4907,0.08900000000000001,0.762,0.149
CianOMahony,1234176398052466694,2020-03-01 17:59:17+00:00,4,,,0,1,here are photos of someone before and after I told them they had coronavirus. ,,,,,coronavirus,0.0,0.0,1.0,0.0
Shaj459625171,1234173967533006849,2020-03-01 17:49:38+00:00,0,,,0,0,"""UK cases rise to 35 as the government announce plans to tackle coronavirus"" ",,government,,,UK coronavirus,0.0,0.0,1.0,0.0
RadarRadar,1234172592090755078,2020-03-01 17:44:10+00:00,0,#COVID19,@POTUS,0,0,“So healthy people... you’ll probably go through a process and you’ll be fine.” Well I am reassured by the words of @POTUS #COVID19 ,,,,,@POTUS,0.7579,0.0,0.727,0.273
MONeill1996,1234170143426527232,2020-03-01 17:34:26+00:00,0,,,0,0,Who needs the coronavirus when you’ve got scarlett fever I mean envy xoxo @Heaven Nightclub London https://www.instagram.com/p/B9MxdqRHqUe/?igshid=1m6njsnl12rea,,,,,scarlett @Heaven Nightclub London,0.7351,0.09,0.598,0.312
GavinGiovannoni,1234168708609781760,2020-03-01 17:28:44+00:00,2,#COVID19,,0,1,That is because it is a global crisis that is in its infancy. Sadly millions will succumb to virus. #COVID19,,,,,,-0.7845,0.27699999999999997,0.723,0.0
maxmcbridge,1234167700328472576,2020-03-01 17:24:44+00:00,19,#Coronovirius #CoronaVirusUpdate #Coronavid19 #COVID #COVID2019 #handhygiene #handhygiene,,2,5,We all can do our bit to fight #Coronovirius #CoronaVirusUpdate #Coronavid19 #COVID #COVID2019 #handhygiene,,,,,Coronovirius Coronavid19,-0.3818,0.16699999999999998,0.833,0.0
Pairsonnalites,1234165765240000513,2020-03-01 17:17:02+00:00,0,,,1,0,"Coronavirus news – live: Health secretary admits pandemic may be 'inevitable' as first deaths ...: As the number of confirmed cases in the UK rose to 23 yesterday, the ... HIV patients in Chinese cities under coronavirus quarantines have been ... http://dlvr.it/RR2Z97",,,,,Coronavirus UK HIV coronavirus,0.3612,0.0,0.92,0.08
MattVolk,1234165033367564288,2020-03-01 17:14:08+00:00,2,,,2,0,Covid life ,,,,,,0.0,0.0,1.0,0.0
Angie_RejoinEU,1234161554414874628,2020-03-01 17:00:18+00:00,2,,,1,1,Is that 1 in 10 Britons (ie 60+ mill ÷ 10) or 1 in 10 Britons who actually catch coronavirus? Makes absolutely no. sense to hospitalise people until /unless their condition deteriorates. ,,,,,÷,0.0,0.0,1.0,0.0
MartinoDdafen,1234159633952100358,2020-03-01 16:52:40+00:00,3,,,2,2,"I understand that the UK govt are considering banning crowds over 5,000. I also understand France have already decided on this. A cynical part of me feels this about refusing any opposition to anything they perceive as rocking the boat e.g. Indy marches, and not about Covid19!",,,,,UK govt France Indy Covid19,-0.68,0.111,0.889,0.0
gamray,1234157827419246601,2020-03-01 16:45:30+00:00,0,,,0,1,"Nobody’s livelihood depends on Cheltenham taking place. Given that it could be lost to weather any year that would be a very silly thing to do. Some people will take a hit yes, but Coronavirus is quite serious you know",,,,Coronavirus,Cheltenham Coronavirus,-0.024,0.08199999999999999,0.8140000000000001,0.10300000000000001
TerranceWelch6,1234155808436445188,2020-03-01 16:37:28+00:00,0,,,0,1,UK behind the ball game. Should've acted 2wks ago but this regime is proving sloppy and inefficient. Lots of big talk but the floods and Covid-19 have proved they are not up to the task. Waffle Waffle Waffle. ,,,,,UK 2wks Waffle Waffle Waffle,0.0,0.0,1.0,0.0
DeborahWDavid,1234155447722049539,2020-03-01 16:36:02+00:00,4,#Coronovirus #COVID19 #AllUnderControl,,0,0,Just found this board game in the Science Museum and wondering if it might come in useful... #Coronovirus #COVID19 #AllUnderControl,,,,the Science Museum,Science Museum Coronovirus,0.4404,0.0,0.868,0.132
MusicNewsWeb,1234154327431770112,2020-03-01 16:31:35+00:00,1,,,2,0,http://Music-News.com Avril Lavigne postpones Asia shows over coronavirus fears - report http://dlvr.it/RR2SWC,,,,,http://Music News.com Avril Lavigne Asia coronavirus fears report,-0.5994,0.32899999999999996,0.6709999999999999,0.0
JamieGancy,1234154026171817984,2020-03-01 16:30:23+00:00,2,,,0,0,New pet peeve: people spelling coronavirus as ‘corona virus’. ,,,,,coronavirus,0.0,0.0,1.0,0.0
PaulHenriCadier,1234150250551611395,2020-03-01 16:15:23+00:00,0,#suicidalThoughts,,0,0,Funny choosing to live in the epicentre of the coronavirus outbreak? #suicidalThoughts,,,,,coronavirus,0.4404,0.0,0.7909999999999999,0.209
BalancePowerUK,1234148926963568643,2020-03-01 16:10:08+00:00,20,,,9,1,"NEW: Government Lawyers are considering the option of postponing the 2020 local elections, should the Coronavirus outbreak continue to spread. The last local elections to be delayed were the 2001 local elections due to the outbreak of foot and mouth disease.",,government,,,NEW Government Coronavirus disease,-0.34,0.08,0.92,0.0
Amandahassan1,1234148585647853570,2020-03-01 16:08:46+00:00,0,,,0,0,Yeh. That'll work. Also Govt. 'Covid 19 will also affect older people'.,,,Govt,,Yeh Govt Covid,0.0,0.0,1.0,0.0
Adveith,1234145307346132992,2020-03-01 15:55:45+00:00,2,,,0,1,Erm. COVID19 is more like 2.5-3%.,,,,,Erm,0.4201,0.0,0.642,0.358
JLallaMaharajh,1234144454707154945,2020-03-01 15:52:21+00:00,8,#COVID19,,2,0,Excellent communication about #COVID19 - why can’t other politicians (ahem) be this clear? ,,,,,,0.7717,0.0,0.621,0.379
HappyatHome7,1234140571763191810,2020-03-01 15:36:56+00:00,0,,,0,0,Coronavirus: Nasa images show China pollution clear amid slowdown ,,,,,Coronavirus Nasa China,0.3818,0.0,0.755,0.245
ChrisBanks,1234138367723483136,2020-03-01 15:28:10+00:00,0,,@UKChange,0,0,Brian Napack: Unlock Coronavirus research for scientists - Sign the Petition! http://chng.it/NjfjJZJX via @UKChange,,,,,Brian Napack Unlock Coronavirus Petition http://chng.it/NjfjJZJX,0.0,0.0,1.0,0.0
Innovandiamo,1234137917330743296,2020-03-01 15:26:23+00:00,0,,,0,0,It's coming Coronavirus: UK fears of undetected cases grow as 12 more test positive ,,,,,Coronavirus UK,0.2682,0.15,0.642,0.20800000000000002
tayfunsen,1234137315221688320,2020-03-01 15:23:59+00:00,0,#COVID19,,0,0,Why are newspapers still publishing travel guides anyway? #COVID19 ,,,,,,0.0,0.0,1.0,0.0
kathygibbsbim,1234137307231420417,2020-03-01 15:23:57+00:00,8,#COVID19 #Futurebuild2020,@FuturebuildNow,1,1,"Looking forward to attending @FuturebuildNow this week, as has become my annual thing. In light of #COVID19 situation I will be practicing the alternative “hand” shakes at the conference &amp; of course washing hands frequently between every session. Namaste! #Futurebuild2020",,,Futurebuild2020,,amp,0.0,0.0,1.0,0.0
jokers_tailor,1234136949956448260,2020-03-01 15:22:32+00:00,3,#AVLMCI,,0,0,┳┻| ┻┳| ┳┻| psst! hey kid! ┻┳| ┳┻| ┻┳| ┳┻| ┻┳| ┳┻| ┻┳| ┳┻| ┻┳| ┳┻| _ ┻┳| •.•) Half & half scarves have ┳┻|⊂ﾉ been impregnated with ┻┳| the coronavirus ┳┻| #AVLMCI ┻┳| ┳┻|,,,,┻,| ┻ | ┻ | _ | | ┻ |,0.0,0.0,1.0,0.0
discobabe76,1234135542712930309,2020-03-01 15:16:57+00:00,0,,,0,1,Ebola.... Now that was one to be worried about. 90% death rate compared to 1/2% for coronavirus. HUGE difference. You're almost just as likely to be killed by domestic violence. Just putting it into perspective that's all.,,,,HUGE,Ebola coronavirus HUGE,-0.9129999999999999,0.29600000000000004,0.643,0.061
lei910,1234135486001750016,2020-03-01 15:16:43+00:00,0,,,0,0,Really? UK cases rise to 35 as the government announce plans to tackle coronavirus ,,government,,,UK coronavirus,0.0,0.0,1.0,0.0
lei910,1234135291021144065,2020-03-01 15:15:57+00:00,0,,,0,0,UK cases rise to 35 as the government announce plans to tackle coronavirus https://twitter.com/i/events/1234062738512433152,,government,,,UK coronavirus https://twitter.com/i/events/1234062738512433152,0.0,0.0,1.0,0.0
ankurdinesh,1234133863842144256,2020-03-01 15:10:16+00:00,0,,,0,0,"Without these data points, it is easy to believe that coronavirus will actually impact Corona beer adversely. ",,,Corona,,coronavirus Corona,0.2732,0.091,0.7609999999999999,0.147
itssayaaan,1234130657867128833,2020-03-01 14:57:32+00:00,0,,,0,1,These flights that I’ve been eyeing have gotten cheaper thanks to coronavirus,,,,,coronavirus,0.4404,0.0,0.7909999999999999,0.209
HackneyMuslims,1234129920718245889,2020-03-01 14:54:36+00:00,1,#ConfusedLogics,,0,1,Giving detailed jummah announcements & putting up notices for Coronavirus....but still keeping smelly soaked communal wudu towels used by hundreds ... ‍ #ConfusedLogics,,,,,jummah Coronavirus ConfusedLogics,0.34,0.0,0.902,0.098
BalancePowerUK,1234127801353228290,2020-03-01 14:46:11+00:00,7,,,4,0,NEW: 12 more patients in England have tested positive for Coronavirus. The total number of United Kingdom confirmed cases is now 35.,,,,,NEW England Coronavirus United Kingdom,0.8051,0.0,0.6970000000000001,0.303
tayfunsen,1234125865820315652,2020-03-01 14:38:30+00:00,0,#COVID19,,0,0,Microbes are hardy bastards. That's why we need a good fire brigade. And you don't set up a fire brigade while your house is burning. You set it up beforehand. #COVID19 ,,,,,,-0.4939,0.218,0.644,0.139
tayfunsen,1234125395718549506,2020-03-01 14:36:37+00:00,1,#COVID19,,0,1,"""Messieurs, microbes will always have the last word."" said Louis Pasteur. I really enjoyed reading this lunch with FT episode: https://www.ft.com/content/de0a7c9e-56ff-11ea-a528-dd0f971febbc #COVID19",,,Louis Pasteur,,Louis Pasteur FT,0.5563,0.0,0.8540000000000001,0.146
FlottaConsultin,1234122959071141888,2020-03-01 14:26:56+00:00,0,,@MayorofLondon @MattHancock,0,0,@MayorofLondon Dear Mayor.@MattHancock is suggesting that one potential solution to the coronavirus might be to dissuade people from using public transport. Perhaps one counter measure might be to have those stations and trains cleaned and for people to be seen doing it.,,,,,@MayorofLondon,0.5994,0.0,0.8909999999999999,0.109
MarkBaxter_,1234118691282989059,2020-03-01 14:09:59+00:00,0,,@updayUK,0,0,Twelve more coronavirus cases confirmed in England https://f7td5.app.goo.gl/Ym2rSG Sent via @updayUK,,,,,England,0.0,0.0,1.0,0.0
tugsandtost,1234116695637340162,2020-03-01 14:02:03+00:00,0,,,0,0,Frightening news. BBC News - Coronavirus: Twelve more cases confirmed in England https://www.bbc.co.uk/news/uk-51697991,,,,,BBC News Coronavirus England https://www.bbc.co.uk,-0.4939,0.21100000000000002,0.789,0.0
GavinGiovannoni,1234115453825568768,2020-03-01 13:57:07+00:00,3,,,0,0,"Coronavirus: 12 more cases confirmed in UK, taking total to 35 – latest updates ",,,,,Coronavirus UK,0.0,0.0,1.0,0.0
astrotomato,1234111639563251712,2020-03-01 13:41:58+00:00,0,,,1,1,"If the Pope's got coronavirus, surely he can just perform a miracle and save himself?",,,,,Pope,0.872,0.0,0.5479999999999999,0.452
mansoureh83,1234111045607788544,2020-03-01 13:39:36+00:00,0,#CoronaVirusUpdates,,0,0,"I don't know how suddenly everyone is a doctor or a scientist who has done lots of research about coronavirus can people stop giving false advice? This is serious, we should get advice from the experts #CoronaVirusUpdates",,,,,coronavirus,-0.0258,0.08800000000000001,0.852,0.06
jesshods,1234109323636334592,2020-03-01 13:32:46+00:00,0,,,0,0,"Coronavirus plan: City lockdowns, ban on big gatherings and cancelled ops possible | Politics News | Sky News ",,,,| Politics News | Sky News,Coronavirus | Politics News | Sky News,-0.6808,0.259,0.741,0.0
GavinGiovannoni,1234107513190174722,2020-03-01 13:25:34+00:00,2,,,0,0,Dramatic fall in China pollution levels ‘partly related’ to coronavirus ,,,,,China coronavirus,0.0,0.0,1.0,0.0
GavinGiovannoni,1234106959839793152,2020-03-01 13:23:22+00:00,2,,,0,0,Coronavirus: confirmed case in Shenzen 'had been working in UK' – latest updates https://www.theguardian.com/world/live/2020/mar/01/coronavirus-latest-updates-coronavirus-live-updates-latest-news-china-wuhan-stock-markets-update-china-iran-us-australia-south-korea-japan?CMP=Share_AndroidApp_Tweet,,,,,Coronavirus Shenzen UK https://www.theguardian.com/world/live/2020/mar/01/coronavirus-latest-updates-coronavirus-live-updates-latest-news-china-wuhan-stock-markets-update-china-iran-us-australia-south-korea-japan?CMP=Share_AndroidApp_Tweet,0.0,0.0,1.0,0.0
Innovandiamo,1234106861126897664,2020-03-01 13:22:58+00:00,0,,,0,0,POLITICO: Bloomberg to give three-minute primetime speech on coronavirus. ,,,,,POLITICO Bloomberg coronavirus,0.0,0.0,1.0,0.0
gideonshimshon,1234103601120845825,2020-03-01 13:10:01+00:00,2,#CoronaVirusUpdate #coronavirusuk,@thesundaytimes @ImperialSPH,0,0,Great to see @thesundaytimes picking up on @ImperialSPH free “science matters; let’s talk COVID19” course. Aiming to inform &amp; bring scientific insights and context into the news cycle: https://www.coursera.org/learn/covid-19#about #CoronaVirusUpdate #coronavirusuk,,,,,,0.8176,0.0,0.767,0.233
georgiakate,1234099080785285120,2020-03-01 12:52:03+00:00,1,,,0,0,Wait I don’t understand.... why are people angry at Jon Snow for tweeting about his Coronavirus isolation? SERIOUSLY WHAT? people are mad you know,,,,Coronavirus,Jon Snow Coronavirus,-0.8999,0.375,0.625,0.0
GavinGiovannoni,1234098090682003456,2020-03-01 12:48:07+00:00,1,,,0,0,NHS plans to deploy ‘Dad’s Army’ of retired doctors if Covid-19 spreads ,,nhs,,‘Dad’s Army,NHS Dad Army,0.0,0.0,1.0,0.0
steveconnor17,1234094375141101568,2020-03-01 12:33:22+00:00,0,,@DavidLloydUK,0,0,@DavidLloydUK without pushing the Panic button. Please could I ask what precautions if any are David Lloyd putting in place concerning the Coronavirus. Crowded area apparatus being used and sometimes not cleaned by members?????,,,,Coronavirus,David Lloyd Coronavirus,0.7151,0.0,0.843,0.157
producerchris,1234092496965246976,2020-03-01 12:25:54+00:00,24,#kalashnicough,@ZaltzCricket @natogreen @aliterative @hellobuglers,11,4," Bloomberg is like Trump, but smart... plus Coronavirus and other truly awful stories with @ZaltzCricket @natogreen @aliterative: https://pod.link/265799883 @hellobuglers #kalashnicough",,,,,Bloomberg Trump Coronavirus https://pod.link/265799883,0.631,0.13699999999999998,0.5489999999999999,0.314
MigueldOliveira,1234092473670082560,2020-03-01 12:25:48+00:00,1,,,2,0,Very sober and well informed piece. Epidemics expert Jonathan Quick: ‘The worst-case scenario for coronavirus is likely’ ,,,Jonathan Quick,,Jonathan Quick coronavirus,0.3321,0.0,0.871,0.129
alexandernagy01,1234091174689935361,2020-03-01 12:20:39+00:00,0,,,0,0,Coronavirus worldwide. Sarrs attack Merseyside ,,,,Coronavirus,Coronavirus Sarrs Merseyside,-0.4767,0.4370000000000001,0.563,0.0
lludovic,1234089034785460225,2020-03-01 12:12:08+00:00,1,#COVID19,@RokoChiswick,0,1,Thought now would be a good time for all schools and gyms to dish out hand sanitiser... #COVID19 @RokoChiswick,,,,,,0.7269,0.0,0.736,0.264
AledSmith,1234087626845675521,2020-03-01 12:06:33+00:00,0,,@coronavirus @realDonaldTrump @Brexit @BorisJohnson,0,0,@coronavirus does anybody else share the nagging fear that the @realDonaldTrump @brexit @BorisJohnson agenda will be furthered by this outbreak?,,,,@realDonaldTrump,@coronavirus @BorisJohnson,-0.5719,0.235,0.677,0.08800000000000001
pompeyrod,1234085679245688832,2020-03-01 11:58:48+00:00,2,,,0,4,Because not one single case of Coronavirus has come from over the Southern Border ,,,,,Coronavirus Southern Border,0.0,0.0,1.0,0.0
oncefallenangel,1234081696124985344,2020-03-01 11:42:59+00:00,0,,,0,1,"I have renamed my brexit cupboard a coronavirus cupboard, so I guess I’m prepared ",,,,,brexit cupboard coronavirus,0.2263,0.0,0.872,0.128
radiotaxis_boss,1234080211232337920,2020-03-01 11:37:05+00:00,0,,,0,0,That’s a clever idea expose elderly doctors who are at higher risk of mortality to the Coronavirus? ,,,,Coronavirus,Coronavirus,0.0772,0.179,0.6759999999999999,0.145
onisillos,1234079146147483650,2020-03-01 11:32:51+00:00,8,,,2,2,It’s the highlight of my day to listen to unqualified pundits and unequipped politicians pontificate on COVID-19 ,,,,,,0.34,0.0,0.87,0.13
London_W4,1234078015807787009,2020-03-01 11:28:21+00:00,16,#CoronaVirusUpdates,,0,4,"Sunday morning update: I still haven't got coronavirus. #CoronaVirusUpdates And neither does anyone I know. And nobody I know, knows anyone with it. The biggest pandemic is with people panicking about a virus nobody has.",,,,,Sunday coronavirus,-0.4404,0.079,0.9209999999999999,0.0
CandeeceKay,1234075861378359296,2020-03-01 11:19:48+00:00,0,#coronavir #virous #takecareofyourself #staysafe #savetheplanet #motherearth #environmental,,0,0,Juan Pablo’s thoughts about the Coronavirus &amp; Mother Earth. His little rant makes sense #coronavirüs #virous #takecareofyourself #staysafe #savetheplanet #motherearth #environmental,,,,,Juan Pablo Coronavirus Mother Earth #,-0.2748,0.095,0.905,0.0
carabwilliams,1234075161705488384,2020-03-01 11:17:01+00:00,1,#COVID19,,0,0,Headlines and scare mongering surely aren’t going to quote the real science numbers #COVID19 ,,,,,,-0.2732,0.265,0.5820000000000001,0.153
jamesglynn,1234074135824867328,2020-03-01 11:12:56+00:00,556,,,143,5,the only COVID-19 / coronavirus advice you need ,,,,,COVID-19 coronavirus,0.0,0.0,1.0,0.0
CarlReader,1234072319267688449,2020-03-01 11:05:43+00:00,17,#COVID19 #QBConnect,@QuickBooksUK,2,3,"Regrettably but understandably, the decision has been made to cancel this conference due to #COVID19 and the risks to all. Anyone who has booked should be getting a refund from @QuickBooksUK #QBConnect",,,,,@QuickBooksUK,-0.631,0.175,0.825,0.0
AlMcNulty,1234068240839696385,2020-03-01 10:49:31+00:00,38,,,2,1,"Received a letter from my doctor telling me I should self-isolate. Nothing to do with being at high risk from coronavirus, I just apparently have a toxic personality?",,,,,coronavirus,-0.2732,0.07200000000000001,0.9279999999999999,0.0
AcesizOfficial,1234066904014344192,2020-03-01 10:44:12+00:00,0,,,0,0,US reports first coronavirus death in Washington state ,,,,,US coronavirus Washington,-0.5994,0.358,0.642,0.0
jackiescoones,1234066819603935233,2020-03-01 10:43:52+00:00,0,#COVID19,,1,0,I agree with you! Johnson has neither backbone nor staying power. He is unstable and really isn't up to the job. They are the last bunch of idiots you would want to be running the country during a crisis #COVID19 ,johnson,,Johnson,,Johnson,-0.6239,0.14800000000000002,0.7709999999999999,0.081
AcesizOfficial,1234066688011882496,2020-03-01 10:43:20+00:00,0,,,0,0,"Coronavirus: Cases exceed 3,500 in South Korea in largest outbreak outside China ",,,,,Coronavirus South Korea China,0.0,0.0,1.0,0.0
manishupadhyay0,1234066506385850368,2020-03-01 10:42:37+00:00,0,,@MattHancock @BorisJohnson,0,0,"@MattHancock @BorisJohnson While we at residents of Woodley pretty concerned about Covid 19. My request to put thermal scanner at all airports to identify potential cases well in advance . Some advisory about school closures , public gathering would be really helpful.",,,,,@BorisJohnson Woodley Covid,0.8122,0.0,0.823,0.177
AcesizOfficial,1234066387083104256,2020-03-01 10:42:09+00:00,1,,,0,0,"Italy's coronavirus cases top 1,000 ",,,,,Italy,0.2023,0.0,0.69,0.31
thewizardlucas,1234064281114685440,2020-03-01 10:33:47+00:00,0,,,0,1,"The US is a great place, especially NYC. The only thing that really scares me is healthcare. I think that considering the likelihood and how serious coronavirus is then it does makes things worse ",,,,NYC,US NYC coronavirus,-0.2484,0.172,0.728,0.1
Sapper1801,1234062342222237696,2020-03-01 10:26:04+00:00,0,,@TheSun,0,0,@TheSun Can't be arsed to check so let's be first even if we're wrong.. Bunch of numpties BBC News - Coronavirus: How a misleading map went global ,,,,BBC News - Coronavirus,@TheSun BBC News Coronavirus,-0.7003,0.188,0.812,0.0
TheBottomDoc,1234060773900550144,2020-03-01 10:19:50+00:00,1,,,2,0,"Covid19 compared with seasonal influenza, SARS-CoV &amp; MERS-CoV: In Covid19, GI symptoms UNCOMMON (only 3.8%); fever is ABSENT in &gt;56% on admission &amp; even 11% during hospitalisation (cf SARS-CoV 1%and MERS-CoV 2%). Lymphocytopenia common | NEJM ",,,| NEJM,,SARS CoV amp MERS CoV Covid19 GI UNCOMMON ABSENT gt;56 admission amp cf SARS CoV MERS CoV Lymphocytopenia |,0.0,0.0,1.0,0.0
lightboy,1234056889404547072,2020-03-01 10:04:24+00:00,0,,,0,0,No different to the way “westerners” are treated on the Hong Kong MTR.... before COVID-19.,,,,the Hong Kong MTR,Hong Kong MTR,-0.29600000000000004,0.136,0.8640000000000001,0.0
thewizardlucas,1234056466304307201,2020-03-01 10:02:43+00:00,0,,,0,3,"I’ve been thinking about canceling my trip to New York next week because of the coronavirus spread. Should I do it or am I overreacting? Also, I’m very concerned given there’s no public healthcare there and we all know how bad travel insurance is.",,,,,New York coronavirus,-0.6908,0.11900000000000001,0.8809999999999999,0.0
bosiecat,1234054965813039104,2020-03-01 09:56:46+00:00,3,#Marr,,1,0,"Hancock already weasel-wording spin on Coronavirus so that government ineptitude can be blamed on NHS as the response is ""up to clinicians"". So, not him then. #Marr",,nhs,Marr,,Hancock Coronavirus NHS Marr,-0.4767,0.107,0.893,0.0
DenisMacShane,1234053988896722944,2020-03-01 09:52:53+00:00,15,,@MacaesBruno,4,0,"Ah, it’s the EU responsible for Coronavirus @MacaesBruno",,,,EU,EU Coronavirus @MacaesBruno,0.3182,0.0,0.753,0.247
michaeltimm1966,1234050659042852864,2020-03-01 09:39:39+00:00,1,,,0,0,This is one of the most important thing today. It helps keeping you safe from the Coronavirus and it also stops spreading it. ,,,,Coronavirus,Coronavirus,0.7178,0.057,0.674,0.26899999999999996
samiaGS,1234046851751518208,2020-03-01 09:24:31+00:00,3,#COVID19,,1,0,Why you should not wear face masks unless you yourself are sick. What you should do to protect yourself from novel Corona virus: frequently wash your hands with soap & water & social distancing if someone near you or family member is sick #COVID19 ,,,,soap & water & social,Corona soap water social,-0.4019,0.128,0.777,0.095
JamesRoberts30,1234045764986425345,2020-03-01 09:20:12+00:00,0,,,0,0,President Trump made such a fool of you at coronavirus press conference it went round the world. Laughter from London ,,,,,President Trump coronavirus press London,0.0772,0.12,0.747,0.133
kate_vandy,1234043476758716416,2020-03-01 09:11:06+00:00,0,#5LivePolitics,@bbc5live @BBCkatyaadler @MattHancock @RLong_Bailey @DmitryOpines @AllieRenison @katyballs @youngvulgarian,1,0,Tune into @bbc5live now to hear @BBCkatyaadler back in the studio presenting #5LivePolitics She’s joined by Health Secretary @MattHancock on Coronavirus @RLong_Bailey on Labour leadership Trade Experts @DmitryOpines and @AllieRenison Plus pundits @katyballs + @youngvulgarian – at BBC Broadcasting House,,,,BBC Broadcasting House,Health Secretary @MattHancock Coronavirus @RLong_Bailey Labour Trade Experts @DmitryOpines @AllieRenison @youngvulgarian BBC Broadcasting House,0.0,0.0,1.0,0.0
brxndxnxxi,1234043064664150018,2020-03-01 09:09:28+00:00,0,,,0,0,We gotta remember Bom is old which means she’s the kind of person who can catch Coronavirus easily :(((( that’s why her comeback hasn’t been announced ,,,Coronavirus,,Bom Coronavirus,0.34,0.0,0.912,0.08800000000000001
mrlovat,1234039464370016258,2020-03-01 08:55:10+00:00,0,,,0,0,"Inequalities of US health system put coronavirus fight at risk, experts say https://www.theguardian.com/world/2020/feb/27/coronavirus-outbreak-us-healthcare-sick-leave?CMP=share_btn_tw serve aggiungere altro?",,,altro,,US coronavirus https://www.theguardian.com/world/2020/feb/27/coronavirus-outbreak-us-healthcare-sick-leave?CMP=share_btn_tw altro,-0.6199,0.265,0.735,0.0
KymDarcy,1234020707350253572,2020-03-01 07:40:38+00:00,1,,,0,0,"Top of the Shard yesterday - no Coronavirus for us - but we did catch a bit of Peronivrus. Views were amazing as the weather clouds rolled over us in the time we were there. Off to the Tate . @London, England, U.K. https://www.instagram.com/p/B9Ltge4lp86/?igshid=1ffcee619oals",,,,,Shard Coronavirus Peronivrus Tate @London England U.K.,0.7184,0.033,0.833,0.134
twistednico,1234009066030215173,2020-03-01 06:54:22+00:00,14,,,1,2,"Nobody knows what will happen but: I) has Covid changed peoples’ behaviours, confidence and fear level? YES 2) is this translating to an impact on Company earnings? YES 3) Will this improve overnight? NO, uncertainty will continue for a while. = patience required imho",,,,,Covid,0.9253,0.115,0.591,0.293
siveporai,1233989733161848833,2020-03-01 05:37:33+00:00,2,#CoronaVirusUpdate #Coronavid19,,2,0,"BBC News - Coronavirus: UK advice, symptoms, tests and treatment - in five graphics https://www.bbc.co.uk/news/uk-51674696 #CoronaVirusUpdate #Coronavid19",,,,,BBC News Coronavirus UK https://www.bbc.co.uk news uk-51674696,0.0,0.0,1.0,0.0
maggieinlondon,1233987546792767489,2020-03-01 05:28:52+00:00,3,#covid19,,0,1,Corona virus has achieved more to combat the climate emergency than politicians. #covid19 ,,,,,,-0.6461,0.324,0.6759999999999999,0.0
Pairsonnalites,1233985454833168384,2020-03-01 05:20:33+00:00,0,,,1,0,"'To hell and back': my three weeks suffering from coronavirus: The hospital gave me five days of an anti-HIV medicine for free, while my family were also starting to take prescribed medicine. Due to my improved ... http://dlvr.it/RR1Blt",,,,,coronavirus,-0.3182,0.16,0.7070000000000001,0.133
ALEXMUKHACHOU,1233979615590350848,2020-03-01 04:57:21+00:00,1,,,0,0,Spanish flu also didn't kill the world. Same mortality and less infective than coronavirus though,,,,,coronavirus,0.2819,0.134,0.672,0.193
ishansaini1999,1233949345403166721,2020-03-01 02:57:04+00:00,11,#CoronavirusCoverup #Coronavid19 #coronavirusindia #Coronaviruspakistan #2019nCoV #coronaviruschina #india #ChinaCoronaVirus #AnimalCrossing #AnimalCrossing #painting #expressionism #pig #SarileruNeekevvaru #Artist #artistsoninstagram #twiiter,,0,0,My Nightmare painting going real . (Coronavirus)#CoronavirusCoverup #Coronavid19 #coronavirusindia #Coronaviruspakistan #2019nCoV #coronaviruschina #india #ChinaCoronaVirus #AnimalCrossing #painting #expressionism #pig #SarileruNeekevvaru #Artist #artistsoninstagram #twiiter,,,,,Nightmare Coronavid19 # Coronaviruspakistan # india ChinaCoronaVirus # AnimalCrossing # SarileruNeekevvaru # Artist,0.0,0.0,1.0,0.0
sonnypatel,1233918576932904960,2020-03-01 00:54:48+00:00,0,#CoronavirusOutbreak #COVID #COVID2019 #COVID19 #researchevidence,@sammykatebee,0,0,Way to go @sammykatebee !!! Great publication applicable to #CoronavirusOutbreak #COVID #COVID2019 #COVID19 #researchevidence,,,,,# CoronavirusOutbreak,0.7163,0.0,0.723,0.27699999999999997
jackalsbynight,1233911268530098179,2020-03-01 00:25:46+00:00,13,,,7,0,We all knew she was pregnant over two weeks ago and they’ve been engaged since Christmas- this is timed to take the heat from the Priti Patel fallout and the Coronavirus pandemic. No one is fooled. ,,,,Coronavirus,Christmas- Priti Patel Coronavirus,-0.2732,0.11900000000000001,0.815,0.067
1of7million,1233909317268623360,2020-03-01 00:18:00+00:00,0,,@ExpediaUK,0,1,@ExpediaUK your customer service agent was supposed to call me back a week ago re cancellation of my CX flight due to coronavirus. Please can someone respond? Thanks,,,,,coronavirus,0.6369,0.0,0.833,0.16699999999999998
awmcs,1233906564114853889,2020-03-01 00:07:04+00:00,0,,,1,1,"I can confirm that the lady Rob mentions not only wished it on him, but myself as well, and all through the medium of song: “You’re going home with coronavirus”, sung to the tune of “you’re going home in a f***ing ambulance”.",,,Rob,,Rob coronavirus,0.09,0.051,0.89,0.059000000000000004
tripleseis,1233906519621722118,2020-03-01 00:06:53+00:00,1,,,0,0,A very detailed thread regarding COVID19. ,,,,,,0.0,0.0,1.0,0.0
OridiusMorphius,1233904826934800384,2020-03-01 00:00:10+00:00,2,,,0,0,"If walls work, why do so many countries without walls have less coronavirus cases than America",,,,,America,0.0,0.0,1.0,0.0
